Series 1: ,,Series 2: ,,Series 3: ,,Series 4: ,
-0.091792665,0.016908717,0.051065544,0.01703055,-1.306176947,0.00563914,-1.265360316,0.005673949
0.051065544,0.01703055,0.142902964,0.017108872,-1.193841701,0.01596886,-1.173433386,0.015986265
0.183719595,0.017143681,0.255148699,0.017204598,-1.081595966,0.016064587,-1.081595966,0.016064587
0.346986118,0.017282919,0.387802749,0.017317729,-0.948941915,0.016177717,-0.948941915,0.016177717
1.898062851,0.023722678,0.489844327,0.017404752,-0.795879549,0.016308253,-0.846900338,0.016264741
3.010450311,0.040022228,1.969491955,0.023783594,-0.622408867,0.016456193,-0.755062918,0.016343063
3.939341951,0.076633125,2.755256857,0.029570674,-0.469346501,0.016586729,-0.642817183,0.016438789
4.419295406,0.117978115,3.734900756,0.0355231,-0.336692451,0.01669986,-0.540775605,0.016525812
4.756166877,0.133616285,4.184062717,0.056373993,-0.224446715,0.016795586,-0.448938186,0.016604134
4.848093807,0.143928601,4.306557365,0.061595419,-0.122405138,0.01688261,-0.316284135,0.016717265
4.960429052,0.154258321,4.408598942,0.061682443,0.010248913,0.016995741,-0.2040384,0.016812991
5.06256014,0.16457934,4.561706064,0.066929976,0.122494648,0.017091467,-0.101996822,0.016900015
5.174895385,0.17490906,4.704609027,0.072168806,0.234740383,0.017187193,0.010248913,0.016995741
5.287320141,0.195472775,4.867965061,0.082542039,0.346986118,0.017282919,0.122494648,0.017091467
5.389451228,0.205793793,4.980345062,0.097988757,0.469436011,0.017387348,0.29596533,0.017239407
5.481333403,0.210989112,5.133496938,0.108353287,1.622729612,0.043955702,0.408211065,0.017335133
5.573260333,0.221301428,5.266240499,0.118700412,1.786085646,0.054328935,0.561273431,0.017465669
5.685685088,0.241865143,5.388779902,0.129038835,1.908535539,0.054433363,2.265636305,0.049620949
5.787816176,0.252186161,5.480662077,0.134234154,2.010621872,0.059637384,2.990221015,0.060472813
5.900240932,0.272749876,5.572589007,0.144546469,2.122957117,0.069967105,3.296435258,0.070967878
6.094343704,0.298500208,5.705332568,0.154893595,2.255655923,0.075197233,3.510856836,0.08650162
6.20676846,0.319063923,5.858573954,0.175492119,2.398558886,0.080436064,3.653804555,0.096857448
6.319193215,0.339627638,5.970909199,0.18582184,2.551666008,0.085683597,3.78650336,0.102087576
6.452071041,0.365325755,6.093448603,0.196160263,2.663956498,0.09089632,3.898883361,0.117534294
6.544087481,0.385872065,6.256938902,0.221884487,3.307176477,0.132380547,4.021333254,0.117638722
6.646308079,0.406427078,6.389771973,0.242465607,3.460417863,0.152979072,4.123509096,0.133076738
6.738369274,0.432090385,6.532809202,0.263055429,3.725904985,0.173673323,4.317567114,0.153710072
6.85088354,0.462888095,6.665597518,0.278519552,3.879146371,0.194271847,4.521918799,0.184586103
6.953104138,0.483443108,6.798520099,0.309334666,4.032343003,0.209753375,4.644458202,0.194924526
7.065573648,0.50912382,6.93135317,0.329915786,4.22640102,0.230386709,4.756793448,0.205254246
7.157679598,0.539904125,7.064230996,0.355613903,4.389936075,0.26122793,4.910079589,0.230969768
7.31114476,0.586087635,7.217651403,0.396680416,4.563541022,0.276726862,5.022414835,0.241299489
7.40325071,0.61686794,7.330165668,0.427478126,4.66576162,0.297281875,5.196154047,0.272149412
7.505605573,0.652773945,7.463043494,0.453176243,4.829296674,0.328123096,5.39034633,0.308133738
7.597711524,0.683554249,7.57564727,0.494207947,4.951925587,0.348695514,5.553881384,0.33897496
7.710270544,0.719468956,7.677912623,0.519879957,5.115505397,0.384653732,5.707167526,0.364690481
7.812670163,0.760491958,7.770018573,0.550660262,5.217725994,0.405208745,5.809388123,0.385245494
7.925318693,0.806640659,7.862079768,0.576323569,5.330195505,0.430889457,5.901494074,0.416025799
8.017514154,0.847654958,7.964389876,0.607112576,5.422211945,0.451435768,6.013963584,0.441706511
8.119869017,0.883560963,8.076948897,0.643027283,5.534726211,0.482233477,6.208290132,0.493041829
8.232562303,0.934826661,8.169144358,0.684041582,5.636991564,0.507905487,6.320759643,0.518722541
8.345210834,0.980975362,8.281703378,0.719956289,5.770003655,0.548954596,6.453771734,0.55977165
8.437451049,1.027106659,8.384102996,0.760979291,5.882473166,0.574635308,6.566330755,0.595686356
8.560393248,1.083498057,8.476253702,0.796876593,5.995076941,0.615667012,6.668640863,0.626475364
8.652678218,1.134746351,8.588946988,0.848142291,6.107635962,0.651581719,6.760791568,0.662372666
8.76541626,1.191129046,8.691301851,0.884048296,6.230443896,0.692622125,6.893803659,0.703421774
8.878154301,1.247511742,8.783497311,0.925062595,6.322505091,0.718285433,6.985954365,0.739319076
8.990892342,1.303894438,8.875737526,0.971193891,6.455606692,0.769568536,7.108807053,0.78547648
9.09338147,1.355151434,8.988475567,1.027576587,6.588753049,0.825968637,7.200913004,0.816256785
9.206209021,1.421768124,9.090964696,1.078833583,6.70131207,0.861883343,7.313561535,0.862405486
9.319036572,1.488384814,9.183204911,1.12496488,6.834503181,0.923400441,7.467160962,0.923939988
9.534308497,1.601141503,9.285649284,1.171104879,6.936858044,0.959306445,7.600396828,0.990574083
9.626638222,1.657506794,9.377934255,1.222353172,7.029053505,1.000320745,7.692547534,1.026471385
9.719012703,1.718989082,9.531623192,1.294121669,7.12129372,1.046452041,7.795036662,1.077728381
9.821636096,1.78559707,9.623997673,1.355603957,7.223648583,1.082358046,7.887187367,1.113625683
9.913965822,1.841962361,9.716327398,1.411969248,7.35688445,1.148992141,8.020423234,1.180259778
10.00629555,1.898327652,9.818861282,1.468343242,7.469577736,1.200257839,8.122867607,1.226399777
10.10882943,1.954701645,9.911191007,1.524708533,7.561817951,1.246389135,8.215242088,1.287882065
10.20124867,2.021300931,10.00356549,1.586190821,7.664262324,1.292529134,8.307482303,1.334013362
10.29371266,2.093017213,10.10618888,1.652798809,7.756547295,1.343777428,8.420220344,1.390396058
10.39624654,2.149391207,10.19851861,1.709164099,7.848877021,1.400142719,8.522754227,1.446770051
10.50925311,2.236475886,10.29093784,1.775763385,7.951321394,1.446282718,8.615128708,1.508252339
10.62217017,2.31332657,10.39356124,1.842371373,8.06410419,1.507782411,8.707458434,1.56461763
10.72479357,2.379934558,10.48598047,1.908970658,8.156433915,1.564147702,8.810081827,1.631225618
10.8172128,2.446533844,10.58860387,1.975578646,8.258878289,1.610287701,8.902411553,1.687590909
10.90963204,2.513133129,10.68111261,2.052411926,8.351208014,1.666652992,8.994741278,1.7439562
11.01225543,2.579741117,10.77362136,2.129245206,8.443582495,1.72813528,9.097364672,1.810564187
11.10476418,2.656574397,10.87633426,2.206087188,8.546116378,1.784509273,9.189783908,1.877163473
11.19718341,2.723173682,10.9687535,2.272686473,8.638446104,1.840874564,9.292452056,1.948888458
11.29980681,2.78978167,11.06135175,2.359753748,8.730775829,1.897239855,9.384916047,2.020604741
11.39231555,2.86661495,11.16406466,2.43659573,8.833309713,1.953613848,9.477380038,2.092321023
11.48473479,2.933214235,11.25666291,2.523663004,8.925594683,2.004862142,9.580003431,2.158929011
11.59774136,3.020298914,11.34921641,2.605613281,9.018013919,2.071461427,9.672512177,2.235762291
11.70045426,3.097140896,11.45210834,2.702923253,9.120547802,2.127835421,9.765020923,2.312595571
12.00850346,3.317432849,11.5447961,2.800224521,9.212967038,2.194434706,9.867778582,2.39455455
,,11.63743911,2.892408793,9.305386274,2.261033991,9.960287328,2.47138783
,,11.74033104,2.989718764,9.408009667,2.327641979,10.11469235,2.625028283
,,12.00850346,3.317432849,9.520926728,2.404492664,10.2072906,2.712095557
,,,,9.674928951,2.512080141,10.29997837,2.809396826
,,,,9.787935523,2.599164821,10.40282554,2.9015898
,,,,9.880354759,2.665764106,10.4955133,2.998891069
,,,,9.983067662,2.742606088,10.67055041,3.178133912
,,,,10.0754869,2.809205374,10.73271522,3.285643068
,,,,10.16799564,2.886038653,,
,,,,10.27061904,2.952646641,,
,,,,10.36312778,3.029479921,,
,,,,10.45554702,3.096079207,,
,,,,10.74291937,3.285651771,,
